{"cameraMode":{"drawMode":0,"name":"Shaded","section":"Shading Mode"},"sceneLighting":false,"audioPlay":false,"sceneViewState":{"showFog":true,"showMaterialUpdate":false,"showSkybox":false,"showFlares":true,"showImageEffects":true,"showParticleSystems":true},"in2DMode":false,"pivot":{"x":-4.369302749633789,"y":4.442572116851807,"z":-33.93381881713867},"rotation":{"x":-0.07599780708551407,"y":-0.10540151596069336,"z":0.008078515529632569,"w":-0.9914961457252502},"size":0.000017320508050033823,"orthographic":false}