{"cameraMode":{"drawMode":0,"name":"Shaded","section":"Shading Mode"},"sceneLighting":false,"audioPlay":false,"sceneViewState":{"showFog":true,"showMaterialUpdate":false,"showSkybox":false,"showFlares":true,"showImageEffects":true,"showParticleSystems":true},"in2DMode":false,"pivot":{"x":3.831915855407715,"y":-0.4853515625,"z":2.309091567993164},"rotation":{"x":0.6203193664550781,"y":0.18399710953235627,"z":-0.15278765559196473,"w":0.7470207810401917},"size":0.3421214818954468,"orthographic":true}