{"cameraMode":{"drawMode":0,"name":"Shaded","section":"Shading Mode"},"sceneLighting":false,"audioPlay":false,"sceneViewState":{"showFog":true,"showMaterialUpdate":false,"showSkybox":false,"showFlares":true,"showImageEffects":true,"showParticleSystems":true},"in2DMode":false,"pivot":{"x":2.7523231506347658,"y":2.2799999713897707,"z":0.6100000143051148},"rotation":{"x":0.02686457708477974,"y":0.09880184382200241,"z":-0.0026692277751863004,"w":0.9947433471679688},"size":0.17320498824119569,"orthographic":true}