{"cameraMode":{"drawMode":0,"name":"Shaded","section":"Shading Mode"},"sceneLighting":false,"audioPlay":false,"sceneViewState":{"showFog":true,"showMaterialUpdate":false,"showSkybox":false,"showFlares":true,"showImageEffects":true,"showParticleSystems":true},"in2DMode":false,"pivot":{"x":-18.91142463684082,"y":-3.7326788902282717,"z":-0.14623422920703889},"rotation":{"x":0.07215557247400284,"y":-0.711920976638794,"z":0.07394575327634812,"w":0.6946369409561157},"size":13.12728214263916,"orthographic":false}