{"cameraMode":{"drawMode":0,"name":"Shaded","section":"Shading Mode"},"sceneLighting":false,"audioPlay":false,"sceneViewState":{"showFog":true,"showMaterialUpdate":false,"showSkybox":false,"showFlares":true,"showImageEffects":true,"showParticleSystems":true},"in2DMode":false,"pivot":{"x":-0.1327858567237854,"y":1.337193250656128,"z":0.012512266635894776},"rotation":{"x":-0.034490663558244708,"y":0.012584553100168705,"z":-0.000434873130870983,"w":-0.9993336796760559},"size":2.0593674182891847,"orthographic":false}