{"cameraMode":{"drawMode":0,"name":"Shaded","section":"Shading Mode"},"sceneLighting":false,"audioPlay":false,"sceneViewState":{"showFog":true,"showMaterialUpdate":false,"showSkybox":false,"showFlares":true,"showImageEffects":true,"showParticleSystems":true},"in2DMode":false,"pivot":{"x":1.8815381526947022,"y":0.21571731567382813,"z":0.9824773073196411},"rotation":{"x":-0.18933351337909699,"y":0.13414913415908814,"z":-0.026120873168110849,"w":-0.9723578691482544},"size":0.7141428589820862,"orthographic":false}