{"cameraMode":{"drawMode":0,"name":"Shaded","section":"Shading Mode"},"sceneLighting":false,"audioPlay":false,"sceneViewState":{"showFog":true,"showMaterialUpdate":false,"showSkybox":false,"showFlares":true,"showImageEffects":true,"showParticleSystems":true},"in2DMode":false,"pivot":{"x":0.621713399887085,"y":1.557868242263794,"z":-24.680727005004884},"rotation":{"x":-0.03149251267313957,"y":0.01258580107241869,"z":-0.0003971163823734969,"w":-0.9994326233863831},"size":0.000017320508050033823,"orthographic":false}