{"cameraMode":{"drawMode":0,"name":"Shaded","section":"Shading Mode"},"sceneLighting":false,"audioPlay":false,"sceneViewState":{"showFog":true,"showMaterialUpdate":false,"showSkybox":false,"showFlares":true,"showImageEffects":true,"showParticleSystems":true},"in2DMode":false,"pivot":{"x":3.71024751663208,"y":3.0499629974365236,"z":-46.275917053222659},"rotation":{"x":-0.034490663558244708,"y":0.012584553100168705,"z":-0.000434873130870983,"w":-0.9993336796760559},"size":0.000017320508050033823,"orthographic":false}