{"cameraMode":{"drawMode":0,"name":"Shaded","section":"Shading Mode"},"sceneLighting":false,"audioPlay":false,"sceneViewState":{"showFog":true,"showMaterialUpdate":false,"showSkybox":false,"showFlares":true,"showImageEffects":true,"showParticleSystems":true},"in2DMode":false,"pivot":{"x":3.880126953125,"y":2.250335693359375,"z":0.70166015625},"rotation":{"x":-0.42876097559928896,"y":-0.054968252778053287,"z":0.0261472649872303,"w":-0.9013718366622925},"size":0.32644516229629519,"orthographic":true}